-- phpMyAdmin SQL Dump
-- version 5.0.2
-- https://www.phpmyadmin.net/
--
-- Host: 127.0.0.1
-- Generation Time: Oct 15, 2020 at 05:36 AM
-- Server version: 10.4.14-MariaDB
-- PHP Version: 7.4.10

SET SQL_MODE = "NO_AUTO_VALUE_ON_ZERO";
START TRANSACTION;
SET time_zone = "+00:00";


/*!40101 SET @OLD_CHARACTER_SET_CLIENT=@@CHARACTER_SET_CLIENT */;
/*!40101 SET @OLD_CHARACTER_SET_RESULTS=@@CHARACTER_SET_RESULTS */;
/*!40101 SET @OLD_COLLATION_CONNECTION=@@COLLATION_CONNECTION */;
/*!40101 SET NAMES utf8mb4 */;

--
-- Database: `toko`
--

-- --------------------------------------------------------

--
-- Table structure for table `ci_sessions`
--

CREATE TABLE `ci_sessions` (
  `id` varchar(128) NOT NULL,
  `ip_address` varchar(45) NOT NULL,
  `timestamp` int(10) UNSIGNED NOT NULL DEFAULT 0,
  `data` blob NOT NULL
) ENGINE=InnoDB DEFAULT CHARSET=utf8mb4;

--
-- Dumping data for table `ci_sessions`
--

INSERT INTO `ci_sessions` (`id`, `ip_address`, `timestamp`, `data`) VALUES
('n9j8ee2ngkqngnouognk099qu52j026n', '::1', 1602018171, 0x5f5f63695f6c6173745f726567656e65726174657c693a313630323031383137313b5f5f4143544956455f53455353494f4e5f444154417c733a3238303a22363065643237636330353133336666646464643139323934373966323635336136313863316163346266363935666534303462613935326232623039646137653038363432393231336337353361643864306631393664386662656137393162316366316233353537613134373937343061653133396165613539366664613669444d306a51342f414b737047635a6b4359317a4f58726478314b512f38667a7455796b6f32505463686e57524f7769374f325a4c574b3467732f332f5170546e54364b304e56744b6b6f527762776b714767736376346a552b7656786171466e5a51336c35326c2f7274694577372f4759676d6c362f373554656e564a2f54574e46306d2f674d6b764f444d6f4359687a777a37773d3d223b),
('vnokmj64afvjvd7eb7v43cue2n45a504', '::1', 1602018499, 0x5f5f63695f6c6173745f726567656e65726174657c693a313630323031383439393b5f5f4143544956455f53455353494f4e5f444154417c733a3238303a22363065643237636330353133336666646464643139323934373966323635336136313863316163346266363935666534303462613935326232623039646137653038363432393231336337353361643864306631393664386662656137393162316366316233353537613134373937343061653133396165613539366664613669444d306a51342f414b737047635a6b4359317a4f58726478314b512f38667a7455796b6f32505463686e57524f7769374f325a4c574b3467732f332f5170546e54364b304e56744b6b6f527762776b714767736376346a552b7656786171466e5a51336c35326c2f7274694577372f4759676d6c362f373554656e564a2f54574e46306d2f674d6b764f444d6f4359687a777a37773d3d223b),
('b9dms348kpv3d33443gq2i6ktbjjsbv5', '::1', 1602018928, 0x5f5f63695f6c6173745f726567656e65726174657c693a313630323031383932383b5f5f4143544956455f53455353494f4e5f444154417c733a3238303a22363065643237636330353133336666646464643139323934373966323635336136313863316163346266363935666534303462613935326232623039646137653038363432393231336337353361643864306631393664386662656137393162316366316233353537613134373937343061653133396165613539366664613669444d306a51342f414b737047635a6b4359317a4f58726478314b512f38667a7455796b6f32505463686e57524f7769374f325a4c574b3467732f332f5170546e54364b304e56744b6b6f527762776b714767736376346a552b7656786171466e5a51336c35326c2f7274694577372f4759676d6c362f373554656e564a2f54574e46306d2f674d6b764f444d6f4359687a777a37773d3d223b),
('7mab3qmms11g7517goocakd336e9s056', '::1', 1602020720, 0x5f5f63695f6c6173745f726567656e65726174657c693a313630323032303732303b5f5f4143544956455f53455353494f4e5f444154417c733a3238303a22363065643237636330353133336666646464643139323934373966323635336136313863316163346266363935666534303462613935326232623039646137653038363432393231336337353361643864306631393664386662656137393162316366316233353537613134373937343061653133396165613539366664613669444d306a51342f414b737047635a6b4359317a4f58726478314b512f38667a7455796b6f32505463686e57524f7769374f325a4c574b3467732f332f5170546e54364b304e56744b6b6f527762776b714767736376346a552b7656786171466e5a51336c35326c2f7274694577372f4759676d6c362f373554656e564a2f54574e46306d2f674d6b764f444d6f4359687a777a37773d3d223b),
('lbee55johuuh1vm8q2loigsem9dtr2sk', '::1', 1602021095, 0x5f5f63695f6c6173745f726567656e65726174657c693a313630323032313039353b5f5f4143544956455f53455353494f4e5f444154417c733a3238303a22363065643237636330353133336666646464643139323934373966323635336136313863316163346266363935666534303462613935326232623039646137653038363432393231336337353361643864306631393664386662656137393162316366316233353537613134373937343061653133396165613539366664613669444d306a51342f414b737047635a6b4359317a4f58726478314b512f38667a7455796b6f32505463686e57524f7769374f325a4c574b3467732f332f5170546e54364b304e56744b6b6f527762776b714767736376346a552b7656786171466e5a51336c35326c2f7274694577372f4759676d6c362f373554656e564a2f54574e46306d2f674d6b764f444d6f4359687a777a37773d3d223b),
('br835rl5ts5i74bod7pdl358j6ipu51p', '::1', 1602021407, 0x5f5f63695f6c6173745f726567656e65726174657c693a313630323032313430373b5f5f4143544956455f53455353494f4e5f444154417c733a3238303a22363065643237636330353133336666646464643139323934373966323635336136313863316163346266363935666534303462613935326232623039646137653038363432393231336337353361643864306631393664386662656137393162316366316233353537613134373937343061653133396165613539366664613669444d306a51342f414b737047635a6b4359317a4f58726478314b512f38667a7455796b6f32505463686e57524f7769374f325a4c574b3467732f332f5170546e54364b304e56744b6b6f527762776b714767736376346a552b7656786171466e5a51336c35326c2f7274694577372f4759676d6c362f373554656e564a2f54574e46306d2f674d6b764f444d6f4359687a777a37773d3d223b),
('lqvuhfr4h3chbfn3h81p32c7oppgensn', '::1', 1602021736, 0x5f5f63695f6c6173745f726567656e65726174657c693a313630323032313733363b5f5f4143544956455f53455353494f4e5f444154417c733a3238303a22363065643237636330353133336666646464643139323934373966323635336136313863316163346266363935666534303462613935326232623039646137653038363432393231336337353361643864306631393664386662656137393162316366316233353537613134373937343061653133396165613539366664613669444d306a51342f414b737047635a6b4359317a4f58726478314b512f38667a7455796b6f32505463686e57524f7769374f325a4c574b3467732f332f5170546e54364b304e56744b6b6f527762776b714767736376346a552b7656786171466e5a51336c35326c2f7274694577372f4759676d6c362f373554656e564a2f54574e46306d2f674d6b764f444d6f4359687a777a37773d3d223b),
('vphinqqjqad56n9tjhiho4caud5ma3es', '::1', 1602022055, 0x5f5f63695f6c6173745f726567656e65726174657c693a313630323032323035353b5f5f4143544956455f53455353494f4e5f444154417c733a3238303a22363065643237636330353133336666646464643139323934373966323635336136313863316163346266363935666534303462613935326232623039646137653038363432393231336337353361643864306631393664386662656137393162316366316233353537613134373937343061653133396165613539366664613669444d306a51342f414b737047635a6b4359317a4f58726478314b512f38667a7455796b6f32505463686e57524f7769374f325a4c574b3467732f332f5170546e54364b304e56744b6b6f527762776b714767736376346a552b7656786171466e5a51336c35326c2f7274694577372f4759676d6c362f373554656e564a2f54574e46306d2f674d6b764f444d6f4359687a777a37773d3d223b),
('ke2lf3gqhd3792u8h4he8enls5u2c383', '::1', 1602022367, 0x5f5f63695f6c6173745f726567656e65726174657c693a313630323032323336373b5f5f4143544956455f53455353494f4e5f444154417c733a3238303a22363065643237636330353133336666646464643139323934373966323635336136313863316163346266363935666534303462613935326232623039646137653038363432393231336337353361643864306631393664386662656137393162316366316233353537613134373937343061653133396165613539366664613669444d306a51342f414b737047635a6b4359317a4f58726478314b512f38667a7455796b6f32505463686e57524f7769374f325a4c574b3467732f332f5170546e54364b304e56744b6b6f527762776b714767736376346a552b7656786171466e5a51336c35326c2f7274694577372f4759676d6c362f373554656e564a2f54574e46306d2f674d6b764f444d6f4359687a777a37773d3d223b70656d6261796172616e5f666c6173687c733a32363a2253746174757320626572686173696c2064697065726261727569223b5f5f63695f766172737c613a313a7b733a31363a2270656d6261796172616e5f666c617368223b733a333a226f6c64223b7d),
('th6eudmu77cf0a354buagdd0chn5s6b0', '::1', 1602022682, 0x5f5f63695f6c6173745f726567656e65726174657c693a313630323032323638323b5f5f4143544956455f53455353494f4e5f444154417c733a3238303a22363065643237636330353133336666646464643139323934373966323635336136313863316163346266363935666534303462613935326232623039646137653038363432393231336337353361643864306631393664386662656137393162316366316233353537613134373937343061653133396165613539366664613669444d306a51342f414b737047635a6b4359317a4f58726478314b512f38667a7455796b6f32505463686e57524f7769374f325a4c574b3467732f332f5170546e54364b304e56744b6b6f527762776b714767736376346a552b7656786171466e5a51336c35326c2f7274694577372f4759676d6c362f373554656e564a2f54574e46306d2f674d6b764f444d6f4359687a777a37773d3d223b70656d6261796172616e5f666c6173687c733a32363a2253746174757320626572686173696c2064697065726261727569223b5f5f63695f766172737c613a313a7b733a31363a2270656d6261796172616e5f666c617368223b733a333a226f6c64223b7d),
('52d2rd8fen47k9brkbrngn3dsj2efmso', '::1', 1602023222, 0x5f5f63695f6c6173745f726567656e65726174657c693a313630323032333232323b5f5f4143544956455f53455353494f4e5f444154417c733a3238303a22363065643237636330353133336666646464643139323934373966323635336136313863316163346266363935666534303462613935326232623039646137653038363432393231336337353361643864306631393664386662656137393162316366316233353537613134373937343061653133396165613539366664613669444d306a51342f414b737047635a6b4359317a4f58726478314b512f38667a7455796b6f32505463686e57524f7769374f325a4c574b3467732f332f5170546e54364b304e56744b6b6f527762776b714767736376346a552b7656786171466e5a51336c35326c2f7274694577372f4759676d6c362f373554656e564a2f54574e46306d2f674d6b764f444d6f4359687a777a37773d3d223b),
('01vfr6pnrmm3l8pc86vvusmjm4vg3q1f', '::1', 1602028632, 0x5f5f63695f6c6173745f726567656e65726174657c693a313630323032383633323b7265646972656374696f6e7c4e3b5f5f4143544956455f53455353494f4e5f444154417c733a3238303a223761323465353637366563343036613932393138613830663032396661626339386563663733313430313231376639623238633732376462356230313434333039663530333636306334626339326362363161373163656633646334326566313237373230303365316135376234373964363065656365643463663561363761417978795070446c546c5967687536464c55685a552f5949694146563052696142565874353977774d6a324958584c332f6b677636554e74653967764c445865473762666d315143576150474c306777664d432b6f4c757757315743336f61427834436c756b2f557636794a303766357357724d4b304c566d56447545574d6a30314a5750395558536a5a6945336658314d357463773d3d223b),
('5ll9p3e203tgag36sv42asrjqo2jt0ef', '::1', 1602028968, 0x5f5f63695f6c6173745f726567656e65726174657c693a313630323032383936383b7265646972656374696f6e7c4e3b5f5f4143544956455f53455353494f4e5f444154417c733a3238303a223162613032383538373862663238316137316463316564663062626566663462643932666439383231663130393866356136386361616639366234613238623138663630363938613030303363363934616438626565356662313066353232613132643266313236633038623739313038363133346530343466393130373663714e38775772695130676c5665385a2b34487a344c706b63796c35764f5a757530354330504f736a5446463063703151424341392f36434c3742415871622b6a696a534939533339462b2f56506b4968687a4556514672394b35653753786f486b554a2f425042495a6c5378784c6b4e2b647a4743696a41396f4c79527877656548364139454f584d463345635952364e52735644773d3d223b),
('kpb58703lttco243ur2a14775t9arl1c', '::1', 1602029281, 0x5f5f63695f6c6173745f726567656e65726174657c693a313630323032393238313b7265646972656374696f6e7c733a36303a226148523063446f764c327876593246736147397a64433930623274764c32466b62576c754c32526c63324670626939685a475266636d46694c7a4577223b5f5f4143544956455f53455353494f4e5f444154417c733a3235363a2233316264636333353830396364353838353131383264363334343063656537373530336335333439666466666166626439626666623736323863363832343461373131333439356166373839343065613236363434396634633266326139396336303537373963376261303265326461316638373535313865356137656431376e785544647a4b44353231784e315055673546536b543451347845527a784d7872506a316477625a756f58426f33396c576232736657546e5248384b4c49497143304851515769396a415154754b6546524668634c4d476d2b534b4f467056326c5277484d636a49597a65684f37706f6a4d49423764374f71574e626e534c5a223b),
('7612vrkt3o9gc5v2q86bn07mor2237hi', '::1', 1602029593, 0x5f5f63695f6c6173745f726567656e65726174657c693a313630323032393539333b7265646972656374696f6e7c4e3b5f5f4143544956455f53455353494f4e5f444154417c733a3235363a223232353537386663626439343436326432353366636635636531383339636130353661366131356463636236383233343266623039663065336264376533323535643861383734346433653133373337666536323131663832383238343231393865633232656264323138363335383266656431666564656366346232663862566c516b542b384458392f4c7635726d564b305a41707831565a4a55396c39324c687a30644a6934663863386f6d6149344176713767346a51494334374b716e366e544f50673045797a70646e56482f6c44416279396c51724e5769386745336f38637462456d4d784a754b745050586249396d302b7249584b596d4e625467223b),
('c3k0d6ch3217vvummkrh7j33o2s7lv29', '::1', 1602029915, 0x5f5f63695f6c6173745f726567656e65726174657c693a313630323032393931353b7265646972656374696f6e7c4e3b5f5f4143544956455f53455353494f4e5f444154417c733a3238303a2263633362323439353332633062343531333463363438633236386632376264386162396561626637303335653536333435326265363436393065643532653865316637646338663938313231653132323361333932393462396339633638623466613630613362326536386365646233313562613664303833666163333536374366314772527a71514545344e2f70474c2b48566c4b5a614939644453497967384e51372b303531472b5549446f68504a626454677976563073305559755a313358686a65584b414949644d6e5336312b446a6b577a6c74497136662f5a596455436659305a6a436372452f6c714877634e665459504d4b6365347851777a4b694b627a52516536334f514a5574384d7162483570673d3d223b),
('c17fi072v42nvu73v32o2lhfroj10kk4', '::1', 1602030071, 0x5f5f63695f6c6173745f726567656e65726174657c693a313630323032393931353b7265646972656374696f6e7c4e3b5f5f4143544956455f53455353494f4e5f444154417c733a3238303a22383132366138626536626435373766326633363061373161626366306162313763653536656539666639333337636434356439346363616537633432336630613566313138306462666238646338626235396437353135373539313737346636616266366530666536636262313164313336346562373464656666323039303247683162372f665438726a656e626147702f6b6f554c306147674c796a766c4b6b4235504779354c2f45622f343531574563556a5046575959536c6c31376e514b387a304c635a387675574d37424d7a445361542f7069375455774c347767586a5135526e316d487a50582f74663838592b71455365487136394b36777a637448636459726761727456535865306e4e4a78436a2b773d3d223b),
('67fi4gos6r6lqk6gjkdi29eaknc96ikv', '::1', 1602149031, 0x5f5f63695f6c6173745f726567656e65726174657c693a313630323134393032383b),
('1h19qvkn0sfopip1cha3ss4spspjuicq', '::1', 1602149094, 0x5f5f63695f6c6173745f726567656e65726174657c693a313630323134393038373b),
('m172d8ckmge34jvp2ovvflv5fhedfac3', '::1', 1602149277, 0x5f5f63695f6c6173745f726567656e65726174657c693a313630323134393237313b),
('lspv7k6rjt1upulqrjoloaoi5cf7l7o5', '::1', 1602192341, 0x5f5f63695f6c6173745f726567656e65726174657c693a313630323139323334313b),
('v5841lf049i2iclsavau909n5225j57k', '::1', 1602192642, 0x5f5f63695f6c6173745f726567656e65726174657c693a313630323139323634323b7265646972656374696f6e7c4e3b),
('etc7t1l2kqlu5v580bpkh5ch4rn3sg1q', '::1', 1602196519, 0x5f5f63695f6c6173745f726567656e65726174657c693a313630323139363531393b7265646972656374696f6e7c4e3b),
('r0a0rg0v7ppmb28421gp4j7ekct0brm5', '::1', 1602197143, 0x5f5f63695f6c6173745f726567656e65726174657c693a313630323139373134333b7265646972656374696f6e7c4e3b5f5f4143544956455f53455353494f4e5f444154417c733a3238303a2264623366663761313866313362613936393363633662306239653066623163336139313833383165373165376231653061623634613562333364626537646437326464636561373933626631646663356534613737643933363065646163343836313063363961633537613536663839613632336633353034653038356636665a5a4b5a64694652616d365a3057364f4a4752346369693376774e474f797172386f7a3158356c53356744494a63367866663843574b30515761445a302b786b2b7763544b54476d6932714d33716b52316d3734796d34465053685454556c7739744b657a7059766130564d70433939713836422f75674a2f68705846446a385249474f5a61696653596f7a47394668527a6b3737413d3d223b),
('ob0qjg6adkmvt4fh8cmhe38l3oovkcld', '::1', 1602203888, 0x5f5f63695f6c6173745f726567656e65726174657c693a313630323230333838383b7265646972656374696f6e7c4e3b5f5f4143544956455f53455353494f4e5f444154417c733a3238303a2264623366663761313866313362613936393363633662306239653066623163336139313833383165373165376231653061623634613562333364626537646437326464636561373933626631646663356534613737643933363065646163343836313063363961633537613536663839613632336633353034653038356636665a5a4b5a64694652616d365a3057364f4a4752346369693376774e474f797172386f7a3158356c53356744494a63367866663843574b30515761445a302b786b2b7763544b54476d6932714d33716b52316d3734796d34465053685454556c7739744b657a7059766130564d70433939713836422f75674a2f68705846446a385249474f5a61696653596f7a47394668527a6b3737413d3d223b),
('j63ikkqqc8pk601eg0kf0mdnvauhkg9f', '::1', 1602204211, 0x5f5f63695f6c6173745f726567656e65726174657c693a313630323230343231313b7265646972656374696f6e7c4e3b5f5f4143544956455f53455353494f4e5f444154417c733a3238303a2264623366663761313866313362613936393363633662306239653066623163336139313833383165373165376231653061623634613562333364626537646437326464636561373933626631646663356534613737643933363065646163343836313063363961633537613536663839613632336633353034653038356636665a5a4b5a64694652616d365a3057364f4a4752346369693376774e474f797172386f7a3158356c53356744494a63367866663843574b30515761445a302b786b2b7763544b54476d6932714d33716b52316d3734796d34465053685454556c7739744b657a7059766130564d70433939713836422f75674a2f68705846446a385249474f5a61696653596f7a47394668527a6b3737413d3d223b),
('t38gi0n893mtmfukittaa744u5pkoo1u', '::1', 1602204562, 0x5f5f63695f6c6173745f726567656e65726174657c693a313630323230343536323b7265646972656374696f6e7c4e3b5f5f4143544956455f53455353494f4e5f444154417c733a3238303a2264623366663761313866313362613936393363633662306239653066623163336139313833383165373165376231653061623634613562333364626537646437326464636561373933626631646663356534613737643933363065646163343836313063363961633537613536663839613632336633353034653038356636665a5a4b5a64694652616d365a3057364f4a4752346369693376774e474f797172386f7a3158356c53356744494a63367866663843574b30515761445a302b786b2b7763544b54476d6932714d33716b52316d3734796d34465053685454556c7739744b657a7059766130564d70433939713836422f75674a2f68705846446a385249474f5a61696653596f7a47394668527a6b3737413d3d223b),
('vdqnv23st2uijccgd6m7gl0c062uag1o', '::1', 1602204571, 0x5f5f63695f6c6173745f726567656e65726174657c693a313630323230343536323b7265646972656374696f6e7c4e3b5f5f4143544956455f53455353494f4e5f444154417c733a3238303a2264623366663761313866313362613936393363633662306239653066623163336139313833383165373165376231653061623634613562333364626537646437326464636561373933626631646663356534613737643933363065646163343836313063363961633537613536663839613632336633353034653038356636665a5a4b5a64694652616d365a3057364f4a4752346369693376774e474f797172386f7a3158356c53356744494a63367866663843574b30515761445a302b786b2b7763544b54476d6932714d33716b52316d3734796d34465053685454556c7739744b657a7059766130564d70433939713836422f75674a2f68705846446a385249474f5a61696653596f7a47394668527a6b3737413d3d223b),
('3mbh035st53gghio058c36jnj0fqev01', '::1', 1602214054, 0x5f5f63695f6c6173745f726567656e65726174657c693a313630323231343035343b5f5f4143544956455f53455353494f4e5f444154417c733a3238303a2265613964616162323566633931386230316237613863393939376663623030633537653836343963303033653038643130383838316665653431336535383264616132303262376434663934623332633435313761643930613466343062373735626662376631343037303135376235623365353836313435326537656538644262653936674b6272637466573847645061786a4e6665766c41524769787056536377476450737a2f4a4d35597343324e72454964717978556c6b656f3052746b316e2b7451415a684b644b3355356d5a46316c5169532f7a614a6f6f4167744b644b6c496b73716f38752b327657483867754a474b59714f3355316542342f5a4447485130772b575562674a585374786b627157513d3d223b),
('9ljhhmdjtnelcnek4dva7sb5o5jpgnlu', '::1', 1602214364, 0x5f5f63695f6c6173745f726567656e65726174657c693a313630323231343336343b5f5f4143544956455f53455353494f4e5f444154417c733a3238303a2265613964616162323566633931386230316237613863393939376663623030633537653836343963303033653038643130383838316665653431336535383264616132303262376434663934623332633435313761643930613466343062373735626662376631343037303135376235623365353836313435326537656538644262653936674b6272637466573847645061786a4e6665766c41524769787056536377476450737a2f4a4d35597343324e72454964717978556c6b656f3052746b316e2b7451415a684b644b3355356d5a46316c5169532f7a614a6f6f4167744b644b6c496b73716f38752b327657483867754a474b59714f3355316542342f5a4447485130772b575562674a585374786b627157513d3d223b6164645f6e65775f64657361696e5f666c6173687c733a33333a2244657361696e206261727520626572686173696c20646974616d6261686b616e21223b5f5f63695f766172737c613a313a7b733a32303a226164645f6e65775f64657361696e5f666c617368223b733a333a226f6c64223b7d),
('l0kpvtdhgjnfcrka3vm5u89jr967niuu', '::1', 1602216334, 0x5f5f63695f6c6173745f726567656e65726174657c693a313630323231363333343b5f5f4143544956455f53455353494f4e5f444154417c733a3238303a2265613964616162323566633931386230316237613863393939376663623030633537653836343963303033653038643130383838316665653431336535383264616132303262376434663934623332633435313761643930613466343062373735626662376631343037303135376235623365353836313435326537656538644262653936674b6272637466573847645061786a4e6665766c41524769787056536377476450737a2f4a4d35597343324e72454964717978556c6b656f3052746b316e2b7451415a684b644b3355356d5a46316c5169532f7a614a6f6f4167744b644b6c496b73716f38752b327657483867754a474b59714f3355316542342f5a4447485130772b575562674a585374786b627157513d3d223b),
('oi4ldp2s77oda2ahcdqk9vba7uqqp9ed', '::1', 1602218650, 0x5f5f63695f6c6173745f726567656e65726174657c693a313630323231383635303b5f5f4143544956455f53455353494f4e5f444154417c733a3238303a2265613964616162323566633931386230316237613863393939376663623030633537653836343963303033653038643130383838316665653431336535383264616132303262376434663934623332633435313761643930613466343062373735626662376631343037303135376235623365353836313435326537656538644262653936674b6272637466573847645061786a4e6665766c41524769787056536377476450737a2f4a4d35597343324e72454964717978556c6b656f3052746b316e2b7451415a684b644b3355356d5a46316c5169532f7a614a6f6f4167744b644b6c496b73716f38752b327657483867754a474b59714f3355316542342f5a4447485130772b575562674a585374786b627157513d3d223b),
('rlulgu771svtinlh8j8jtjqfupeibadj', '::1', 1602218955, 0x5f5f63695f6c6173745f726567656e65726174657c693a313630323231383935353b5f5f4143544956455f53455353494f4e5f444154417c733a3238303a2265613964616162323566633931386230316237613863393939376663623030633537653836343963303033653038643130383838316665653431336535383264616132303262376434663934623332633435313761643930613466343062373735626662376631343037303135376235623365353836313435326537656538644262653936674b6272637466573847645061786a4e6665766c41524769787056536377476450737a2f4a4d35597343324e72454964717978556c6b656f3052746b316e2b7451415a684b644b3355356d5a46316c5169532f7a614a6f6f4167744b644b6c496b73716f38752b327657483867754a474b59714f3355316542342f5a4447485130772b575562674a585374786b627157513d3d223b),
('c0jc1hl3bk340lv7nn078r7rqa9bhp9q', '::1', 1602219310, 0x5f5f63695f6c6173745f726567656e65726174657c693a313630323231393331303b5f5f4143544956455f53455353494f4e5f444154417c733a3238303a2265613964616162323566633931386230316237613863393939376663623030633537653836343963303033653038643130383838316665653431336535383264616132303262376434663934623332633435313761643930613466343062373735626662376631343037303135376235623365353836313435326537656538644262653936674b6272637466573847645061786a4e6665766c41524769787056536377476450737a2f4a4d35597343324e72454964717978556c6b656f3052746b316e2b7451415a684b644b3355356d5a46316c5169532f7a614a6f6f4167744b644b6c496b73716f38752b327657483867754a474b59714f3355316542342f5a4447485130772b575562674a585374786b627157513d3d223b6164645f6e65775f64657361696e5f666c6173687c733a33333a2244657361696e206261727520626572686173696c20646974616d6261686b616e21223b5f5f63695f766172737c613a313a7b733a32303a226164645f6e65775f64657361696e5f666c617368223b733a333a226f6c64223b7d),
('gisj0i1p49697d47554r1uh4s5tu6t0f', '::1', 1602219625, 0x5f5f63695f6c6173745f726567656e65726174657c693a313630323231393632353b5f5f4143544956455f53455353494f4e5f444154417c733a3238303a2265613964616162323566633931386230316237613863393939376663623030633537653836343963303033653038643130383838316665653431336535383264616132303262376434663934623332633435313761643930613466343062373735626662376631343037303135376235623365353836313435326537656538644262653936674b6272637466573847645061786a4e6665766c41524769787056536377476450737a2f4a4d35597343324e72454964717978556c6b656f3052746b316e2b7451415a684b644b3355356d5a46316c5169532f7a614a6f6f4167744b644b6c496b73716f38752b327657483867754a474b59714f3355316542342f5a4447485130772b575562674a585374786b627157513d3d223b),
('eu51uppvanaivfbltvr7c3e58ugggu58', '::1', 1602219945, 0x5f5f63695f6c6173745f726567656e65726174657c693a313630323231393934353b5f5f4143544956455f53455353494f4e5f444154417c733a3238303a2265613964616162323566633931386230316237613863393939376663623030633537653836343963303033653038643130383838316665653431336535383264616132303262376434663934623332633435313761643930613466343062373735626662376631343037303135376235623365353836313435326537656538644262653936674b6272637466573847645061786a4e6665766c41524769787056536377476450737a2f4a4d35597343324e72454964717978556c6b656f3052746b316e2b7451415a684b644b3355356d5a46316c5169532f7a614a6f6f4167744b644b6c496b73716f38752b327657483867754a474b59714f3355316542342f5a4447485130772b575562674a585374786b627157513d3d223b),
('ql7322jl5la7evpt0c4aa2pb73n31en3', '::1', 1602220246, 0x5f5f63695f6c6173745f726567656e65726174657c693a313630323232303234363b5f5f4143544956455f53455353494f4e5f444154417c733a3238303a2265613964616162323566633931386230316237613863393939376663623030633537653836343963303033653038643130383838316665653431336535383264616132303262376434663934623332633435313761643930613466343062373735626662376631343037303135376235623365353836313435326537656538644262653936674b6272637466573847645061786a4e6665766c41524769787056536377476450737a2f4a4d35597343324e72454964717978556c6b656f3052746b316e2b7451415a684b644b3355356d5a46316c5169532f7a614a6f6f4167744b644b6c496b73716f38752b327657483867754a474b59714f3355316542342f5a4447485130772b575562674a585374786b627157513d3d223b6164645f6e65775f64657361696e5f666c6173687c733a33333a2244657361696e206261727520626572686173696c20646974616d6261686b616e21223b5f5f63695f766172737c613a313a7b733a32303a226164645f6e65775f64657361696e5f666c617368223b733a333a226f6c64223b7d),
('b6lq2qc6v9k0eg2ka2hu9069k4p5lbn3', '::1', 1602220569, 0x5f5f63695f6c6173745f726567656e65726174657c693a313630323232303536383b7265646972656374696f6e7c4e3b),
('rbmpgj3o4h5cuco5hp24q82brj8j41ii', '::1', 1602220577, 0x5f5f63695f6c6173745f726567656e65726174657c693a313630323232303536383b7265646972656374696f6e7c4e3b),
('q4j5m0ng4g0ffcpv5kkimh6r1fbr78oq', '::1', 1602228781, 0x5f5f63695f6c6173745f726567656e65726174657c693a313630323232383738313b5f5f4143544956455f53455353494f4e5f444154417c733a3235363a2263316363323434303730366336346565336334613966303465643738323561383134343931663433346566633731323633643262613430383835373639303263653134656561663265333963306633353233363338323265613563363138313461613862633466393832343032353537326266336134393763623166373262356644686e6d694b6467663431726a6f466a7274324e59714a47554e376a6c3630416a7167684a6875664d5676456549446e70747a5478583633314e514565613276383732745132446271697952654476714e4666666b44707a37506255416a5753586b6c782f68445149677a4b463138615762707878596c786c4d4945565a6b223b),
('m3jnkd2kia2ujt7djoqm735a8i1ql91r', '::1', 1602229791, 0x5f5f63695f6c6173745f726567656e65726174657c693a313630323232393739313b7265646972656374696f6e7c4e3b5f5f4143544956455f53455353494f4e5f444154417c733a3238303a223361636230303830613764613232353938613962313063376162663061643737366234383531636537313434656261643636626533663036646531396435663064626661653664643464376235313330386331333131366430343266323562343064323239306534616635613533653332653232613264333264336539323462626b72694942735431723734693645646b545934312b526f506169756e396948525a4c43706c5455737a4f784541504d4e745a724c65322b4b4a784a7351706a4c794e5574626c752f33686d4748563630456a355858657250622f77355a662b39706f664e2b5574627666644a75397034575241524548752b44717158737a4d71684a4b4d56527a57635365744f6931647a6c6143773d3d223b),
('5hcict3m5ln20ufqbqnu0mp335jql6l4', '::1', 1602230115, 0x5f5f63695f6c6173745f726567656e65726174657c693a313630323233303131353b7265646972656374696f6e7c4e3b6c6f67696e5f666c6173687c733a31363a22426572686173696c206c6f676f757421223b5f5f63695f766172737c613a313a7b733a31313a226c6f67696e5f666c617368223b733a333a226f6c64223b7d),
('o2sknqtvf2iatijcemf1fb4bltbr32mk', '::1', 1602230524, 0x5f5f63695f6c6173745f726567656e65726174657c693a313630323233303532343b7265646972656374696f6e7c4e3b5f5f4143544956455f53455353494f4e5f444154417c733a3238303a226636363338383261393832336233616462653533393138643065326165656534393262383131663335343835333937396237646666353762393832336261303335616561363731393762383539393830663734333537643764336330616638633065373263353062613839623835303736326262623538303833343735386631442f514e416f4539366b2f6549445443694c635130377834583649626a7159796c6b4a3137696676672b2b6161795369773250316b6d6458455a384c38536537416e6245706f2f4e4a436346724436514f394c546d534c7a2b6d432b627558696a3471492b61454f65634358634c6c2b5936713542433246596e4e6675614a31735758577147356b6b3334515547457436322f4f74773d3d223b),
('du659jdtp1j40i8k6vm300kdtjb57sbc', '::1', 1602231000, 0x5f5f63695f6c6173745f726567656e65726174657c693a313630323233313030303b7265646972656374696f6e7c4e3b5f5f4143544956455f53455353494f4e5f444154417c733a3238303a226636363338383261393832336233616462653533393138643065326165656534393262383131663335343835333937396237646666353762393832336261303335616561363731393762383539393830663734333537643764336330616638633065373263353062613839623835303736326262623538303833343735386631442f514e416f4539366b2f6549445443694c635130377834583649626a7159796c6b4a3137696676672b2b6161795369773250316b6d6458455a384c38536537416e6245706f2f4e4a436346724436514f394c546d534c7a2b6d432b627558696a3471492b61454f65634358634c6c2b5936713542433246596e4e6675614a31735758577147356b6b3334515547457436322f4f74773d3d223b),
('31pqsh347ui6v53979ikuk9guob1bmhl', '::1', 1602231509, 0x5f5f63695f6c6173745f726567656e65726174657c693a313630323233313530393b7265646972656374696f6e7c4e3b5f5f4143544956455f53455353494f4e5f444154417c733a3238303a226636363338383261393832336233616462653533393138643065326165656534393262383131663335343835333937396237646666353762393832336261303335616561363731393762383539393830663734333537643764336330616638633065373263353062613839623835303736326262623538303833343735386631442f514e416f4539366b2f6549445443694c635130377834583649626a7159796c6b4a3137696676672b2b6161795369773250316b6d6458455a384c38536537416e6245706f2f4e4a436346724436514f394c546d534c7a2b6d432b627558696a3471492b61454f65634358634c6c2b5936713542433246596e4e6675614a31735758577147356b6b3334515547457436322f4f74773d3d223b6164645f6e65775f70726f79656b5f666c6173687c733a33333a2250726f79656b206261727520626572686173696c20646974616d6261686b616e21223b5f5f63695f766172737c613a313a7b733a32303a226164645f6e65775f70726f79656b5f666c617368223b733a333a226f6c64223b7d),
('084ohsbmskrndm0d61hte8tgtc4480ed', '::1', 1602236229, 0x5f5f63695f6c6173745f726567656e65726174657c693a313630323233363232393b7265646972656374696f6e7c4e3b5f5f4143544956455f53455353494f4e5f444154417c733a3238303a2232323837623638383734313161343332393363326131323033613833653437643135356465343431386362336537306662316635343134363737356133376365303037663037623133306436383034356534376137363361616465633434356433323861646566646236333730613537623239656639616138663339636138386a326b5562317751764e68724b4f657833327548443251306c61656c47513350466a33546c3432676a6b43625042656367764e723975454e7652654d634769586154525a755673623132646d6e50314c5934413930544c6c344b6f4c4a322b4147587a5362636a79447454324c74654836582b435732432f66716d425565344766782b466a6c6352494c7143426353766b70592f37673d3d223b),
('96bojon2touvtgn7n9s0p0u6aan0594p', '::1', 1602236591, 0x5f5f63695f6c6173745f726567656e65726174657c693a313630323233363539313b7265646972656374696f6e7c4e3b5f5f4143544956455f53455353494f4e5f444154417c733a3238303a223231383461386363353934653563393730613366346631343531383565373062663133333563303736613734646536646639316239326262626231356566363033643262643337393631633631613865633536626566343035383632376336323265333433646163653030356331336662623439316135653333653232623039553535646643303661665a72373059594e64683573694e7465544c584a7072706a476f366975684d554a474e3668646578544e43786562576450765455324b6e6f43494538616e56613052306e545a414e7934772b70737369453246793631557858735a587247396f4c535171504d50644f627672632b7363377a375467793146524b643765754e5a38642b4431354a53694f314b773d3d223b),
('ehripnk8bp75didktmrpvet2veakh5rq', '::1', 1602236627, 0x5f5f63695f6c6173745f726567656e65726174657c693a313630323233363539313b7265646972656374696f6e7c4e3b5f5f4143544956455f53455353494f4e5f444154417c733a3238303a223231383461386363353934653563393730613366346631343531383565373062663133333563303736613734646536646639316239326262626231356566363033643262643337393631633631613865633536626566343035383632376336323265333433646163653030356331336662623439316135653333653232623039553535646643303661665a72373059594e64683573694e7465544c584a7072706a476f366975684d554a474e3668646578544e43786562576450765455324b6e6f43494538616e56613052306e545a414e7934772b70737369453246793631557858735a587247396f4c535171504d50644f627672632b7363377a375467793146524b643765754e5a38642b4431354a53694f314b773d3d223b),
('fr7r5vb09a51p654bpnghq3u0eutp2bd', '::1', 1602363694, 0x5f5f63695f6c6173745f726567656e65726174657c693a313630323336333639333b),
('1av67kehgmdas9c1s8v5264ddgb0c32h', '::1', 1602364981, 0x5f5f63695f6c6173745f726567656e65726174657c693a313630323336343938313b7265646972656374696f6e7c4e3b5f5f4143544956455f53455353494f4e5f444154417c733a3238303a22346563306462316566356265383131313566653537613335626563333334653863353863396437393534613930633134613764393931336662333161623830623065306539613734666339346635353730663364666365303530616433623132313034356636383136343633636134393038373531383339363833623662303247316b5563415645575666504b6b6b37336a4d39384a6b7a54364266714238434c3843696d646e6d522f416b71594e384d565674596730777036616f6651396b3970774c4a71546653356c637750374e686c444a4b4e774361586654427054417871465a5450355155794271676b7a4361516e58654d58357a314e31444658337262676f465963514a36443943316a49424c517a6b413d3d223b),
('p5bv5qe6lnpfthaajdsgm2id9qo0gmes', '::1', 1602364981, 0x5f5f63695f6c6173745f726567656e65726174657c693a313630323336343938313b7265646972656374696f6e7c4e3b5f5f4143544956455f53455353494f4e5f444154417c733a3238303a22346563306462316566356265383131313566653537613335626563333334653863353863396437393534613930633134613764393931336662333161623830623065306539613734666339346635353730663364666365303530616433623132313034356636383136343633636134393038373531383339363833623662303247316b5563415645575666504b6b6b37336a4d39384a6b7a54364266714238434c3843696d646e6d522f416b71594e384d565674596730777036616f6651396b3970774c4a71546653356c637750374e686c444a4b4e774361586654427054417871465a5450355155794271676b7a4361516e58654d58357a314e31444658337262676f465963514a36443943316a49424c517a6b413d3d223b),
('6m408h5bsorbja8s637nem8a994jfov3', '::1', 1602441519, 0x5f5f63695f6c6173745f726567656e65726174657c693a313630323434313531393b5f5f4143544956455f53455353494f4e5f444154417c733a3238303a22376630353135656361366266393465376235313630616535376331373566363964393361626434646635636466303735363237353133663961383437313631386338316530363135626633343962643164343132636633323864623432363861623538633362386661646130656439656166363434656137333065363434386258554a4f7458374c35514e6b72347135316e666d6c322b7067456736355a564470386a7845783559504372675738614f527777654d6f4c51424d2b6d763643343559467855467533545533342b595371324b515a35706155744b464b576e634a365441594a557861474e417834614a34416f63744a494b48304b557773776c4568554f6a2b50377a7162614248494632664b526c77513d3d223b),
('jplvjg88hbt9plca6gena5gj790md5sr', '::1', 1602444257, 0x5f5f63695f6c6173745f726567656e65726174657c693a313630323434343235373b5f5f4143544956455f53455353494f4e5f444154417c733a3238303a2266653532623135663839613064306532663638653362663736383065346563336563363630646265656636306565653633303461363439643162396165353935376233303535353532333863353436653965623662663564363532386630643231323662313638663435316634326365323164393334653931663630343638336957514a4e336e4a7a364c3069746966314a4a7854656c682f446c4c6b56436651573171534f784f4b354534585a646734322f50344e645847505a39547939547a457772704e594f7855746475337a76394d6d6d434e7a4f4565557237586a445a4f2f2b424f5a3730792f76666f576b4354556a726449304d4a6e414247596a655655514b705541537352414f4e617870667a3341513d3d223b7265646972656374696f6e7c4e3b),
('04330c5m07a2vs4p463tufgkqvhj4gpd', '::1', 1602444602, 0x5f5f63695f6c6173745f726567656e65726174657c693a313630323434343630323b5f5f4143544956455f53455353494f4e5f444154417c733a3238303a2266653532623135663839613064306532663638653362663736383065346563336563363630646265656636306565653633303461363439643162396165353935376233303535353532333863353436653965623662663564363532386630643231323662313638663435316634326365323164393334653931663630343638336957514a4e336e4a7a364c3069746966314a4a7854656c682f446c4c6b56436651573171534f784f4b354534585a646734322f50344e645847505a39547939547a457772704e594f7855746475337a76394d6d6d434e7a4f4565557237586a445a4f2f2b424f5a3730792f76666f576b4354556a726449304d4a6e414247596a655655514b705541537352414f4e617870667a3341513d3d223b7265646972656374696f6e7c4e3b),
('9l50k0vme2slghfq8bl2cs2a83uaobe3', '::1', 1602444961, 0x5f5f63695f6c6173745f726567656e65726174657c693a313630323434343936313b5f5f4143544956455f53455353494f4e5f444154417c733a3238303a2266653532623135663839613064306532663638653362663736383065346563336563363630646265656636306565653633303461363439643162396165353935376233303535353532333863353436653965623662663564363532386630643231323662313638663435316634326365323164393334653931663630343638336957514a4e336e4a7a364c3069746966314a4a7854656c682f446c4c6b56436651573171534f784f4b354534585a646734322f50344e645847505a39547939547a457772704e594f7855746475337a76394d6d6d434e7a4f4565557237586a445a4f2f2b424f5a3730792f76666f576b4354556a726449304d4a6e414247596a655655514b705541537352414f4e617870667a3341513d3d223b7265646972656374696f6e7c4e3b),
('njfc7srmuipcgqhikojojm19ac6vdr9q', '::1', 1602445861, 0x5f5f63695f6c6173745f726567656e65726174657c693a313630323434353836313b5f5f4143544956455f53455353494f4e5f444154417c733a3238303a2266653532623135663839613064306532663638653362663736383065346563336563363630646265656636306565653633303461363439643162396165353935376233303535353532333863353436653965623662663564363532386630643231323662313638663435316634326365323164393334653931663630343638336957514a4e336e4a7a364c3069746966314a4a7854656c682f446c4c6b56436651573171534f784f4b354534585a646734322f50344e645847505a39547939547a457772704e594f7855746475337a76394d6d6d434e7a4f4565557237586a445a4f2f2b424f5a3730792f76666f576b4354556a726449304d4a6e414247596a655655514b705541537352414f4e617870667a3341513d3d223b7265646972656374696f6e7c4e3b),
('937vibabvh8ffihha2pem0bn3c57bnav', '::1', 1602446305, 0x5f5f63695f6c6173745f726567656e65726174657c693a313630323434363330353b5f5f4143544956455f53455353494f4e5f444154417c733a3238303a2266653532623135663839613064306532663638653362663736383065346563336563363630646265656636306565653633303461363439643162396165353935376233303535353532333863353436653965623662663564363532386630643231323662313638663435316634326365323164393334653931663630343638336957514a4e336e4a7a364c3069746966314a4a7854656c682f446c4c6b56436651573171534f784f4b354534585a646734322f50344e645847505a39547939547a457772704e594f7855746475337a76394d6d6d434e7a4f4565557237586a445a4f2f2b424f5a3730792f76666f576b4354556a726449304d4a6e414247596a655655514b705541537352414f4e617870667a3341513d3d223b7265646972656374696f6e7c4e3b),
('pta7m3bm64ugsb7q6lb8n8q74os0t1sg', '::1', 1602446307, 0x5f5f63695f6c6173745f726567656e65726174657c693a313630323434363330353b5f5f4143544956455f53455353494f4e5f444154417c733a3238303a2266653532623135663839613064306532663638653362663736383065346563336563363630646265656636306565653633303461363439643162396165353935376233303535353532333863353436653965623662663564363532386630643231323662313638663435316634326365323164393334653931663630343638336957514a4e336e4a7a364c3069746966314a4a7854656c682f446c4c6b56436651573171534f784f4b354534585a646734322f50344e645847505a39547939547a457772704e594f7855746475337a76394d6d6d434e7a4f4565557237586a445a4f2f2b424f5a3730792f76666f576b4354556a726449304d4a6e414247596a655655514b705541537352414f4e617870667a3341513d3d223b7265646972656374696f6e7c4e3b),
('av29bshk5fsf65bf48t9h82s2v5921uc', '::1', 1602530780, 0x5f5f63695f6c6173745f726567656e65726174657c693a313630323533303738303b7265646972656374696f6e7c4e3b5f5f4143544956455f53455353494f4e5f444154417c733a3238303a22313861636436386336316637623532386232643833303137363462633235393130633231326636373166303563623766666666396339313161323638323735613462336266303963303638323533633564306262376131643634323231643264343635303437336662623963303065383430383439656230376435396230633243747467306974357a33413453476450306a61744e525877746e7176706d70516d56496870516a685234557254335835722b534553346755533550454c6d57542f6f5331626c2f372f42703970647645324d56744f4f766d336c693157636a37306446636e7431344877776274546e5948395a67706c614f4b6446356535576c6c61746b36386e3038394f434476616a3072764937673d3d223b),
('9leu20ppuppj0shd3c96dkv6nn2v7gr8', '::1', 1602532900, 0x5f5f63695f6c6173745f726567656e65726174657c693a313630323533323930303b7265646972656374696f6e7c4e3b5f5f4143544956455f53455353494f4e5f444154417c733a3238303a22313861636436386336316637623532386232643833303137363462633235393130633231326636373166303563623766666666396339313161323638323735613462336266303963303638323533633564306262376131643634323231643264343635303437336662623963303065383430383439656230376435396230633243747467306974357a33413453476450306a61744e525877746e7176706d70516d56496870516a685234557254335835722b534553346755533550454c6d57542f6f5331626c2f372f42703970647645324d56744f4f766d336c693157636a37306446636e7431344877776274546e5948395a67706c614f4b6446356535576c6c61746b36386e3038394f434476616a3072764937673d3d223b),
('di5mkahshb27m1gnr0d261l80ijo44k5', '::1', 1602533263, 0x5f5f63695f6c6173745f726567656e65726174657c693a313630323533333236333b7265646972656374696f6e7c4e3b5f5f4143544956455f53455353494f4e5f444154417c733a3238303a22313861636436386336316637623532386232643833303137363462633235393130633231326636373166303563623766666666396339313161323638323735613462336266303963303638323533633564306262376131643634323231643264343635303437336662623963303065383430383439656230376435396230633243747467306974357a33413453476450306a61744e525877746e7176706d70516d56496870516a685234557254335835722b534553346755533550454c6d57542f6f5331626c2f372f42703970647645324d56744f4f766d336c693157636a37306446636e7431344877776274546e5948395a67706c614f4b6446356535576c6c61746b36386e3038394f434476616a3072764937673d3d223b70726f79656b5f666c6173687c733a32363a2253746174757320626572686173696c2064697065726261727569223b5f5f63695f766172737c613a313a7b733a31323a2270726f79656b5f666c617368223b733a333a226f6c64223b7d),
('2bqmrtu7nrj3a8um55riiuimvpfk7j74', '::1', 1602533836, 0x5f5f63695f6c6173745f726567656e65726174657c693a313630323533333833363b7265646972656374696f6e7c4e3b5f5f4143544956455f53455353494f4e5f444154417c733a3238303a22313861636436386336316637623532386232643833303137363462633235393130633231326636373166303563623766666666396339313161323638323735613462336266303963303638323533633564306262376131643634323231643264343635303437336662623963303065383430383439656230376435396230633243747467306974357a33413453476450306a61744e525877746e7176706d70516d56496870516a685234557254335835722b534553346755533550454c6d57542f6f5331626c2f372f42703970647645324d56744f4f766d336c693157636a37306446636e7431344877776274546e5948395a67706c614f4b6446356535576c6c61746b36386e3038394f434476616a3072764937673d3d223b70726f79656b5f666c6173687c733a32363a2253746174757320626572686173696c2064697065726261727569223b5f5f63695f766172737c613a313a7b733a31323a2270726f79656b5f666c617368223b733a333a226f6c64223b7d),
('it0m0rt2n9j69appqhom32rarm0easn2', '::1', 1602539538, 0x5f5f63695f6c6173745f726567656e65726174657c693a313630323533393533383b7265646972656374696f6e7c4e3b5f5f4143544956455f53455353494f4e5f444154417c733a3238303a22313861636436386336316637623532386232643833303137363462633235393130633231326636373166303563623766666666396339313161323638323735613462336266303963303638323533633564306262376131643634323231643264343635303437336662623963303065383430383439656230376435396230633243747467306974357a33413453476450306a61744e525877746e7176706d70516d56496870516a685234557254335835722b534553346755533550454c6d57542f6f5331626c2f372f42703970647645324d56744f4f766d336c693157636a37306446636e7431344877776274546e5948395a67706c614f4b6446356535576c6c61746b36386e3038394f434476616a3072764937673d3d223b),
('2dh4ti7dhd2n8729rbd7nadjbeiq8b6t', '::1', 1602539985, 0x5f5f63695f6c6173745f726567656e65726174657c693a313630323533393938353b7265646972656374696f6e7c4e3b5f5f4143544956455f53455353494f4e5f444154417c733a3238303a22313861636436386336316637623532386232643833303137363462633235393130633231326636373166303563623766666666396339313161323638323735613462336266303963303638323533633564306262376131643634323231643264343635303437336662623963303065383430383439656230376435396230633243747467306974357a33413453476450306a61744e525877746e7176706d70516d56496870516a685234557254335835722b534553346755533550454c6d57542f6f5331626c2f372f42703970647645324d56744f4f766d336c693157636a37306446636e7431344877776274546e5948395a67706c614f4b6446356535576c6c61746b36386e3038394f434476616a3072764937673d3d223b),
('76lvd7f3q2ekaie9v8ni6o9o0ik6mnj3', '::1', 1602540343, 0x5f5f63695f6c6173745f726567656e65726174657c693a313630323534303334333b7265646972656374696f6e7c4e3b5f5f4143544956455f53455353494f4e5f444154417c733a3238303a22313861636436386336316637623532386232643833303137363462633235393130633231326636373166303563623766666666396339313161323638323735613462336266303963303638323533633564306262376131643634323231643264343635303437336662623963303065383430383439656230376435396230633243747467306974357a33413453476450306a61744e525877746e7176706d70516d56496870516a685234557254335835722b534553346755533550454c6d57542f6f5331626c2f372f42703970647645324d56744f4f766d336c693157636a37306446636e7431344877776274546e5948395a67706c614f4b6446356535576c6c61746b36386e3038394f434476616a3072764937673d3d223b),
('aike3soqqih2be7t4qc7ulm2h1hliomv', '::1', 1602540726, 0x5f5f63695f6c6173745f726567656e65726174657c693a313630323534303732363b7265646972656374696f6e7c4e3b5f5f4143544956455f53455353494f4e5f444154417c733a3238303a22313861636436386336316637623532386232643833303137363462633235393130633231326636373166303563623766666666396339313161323638323735613462336266303963303638323533633564306262376131643634323231643264343635303437336662623963303065383430383439656230376435396230633243747467306974357a33413453476450306a61744e525877746e7176706d70516d56496870516a685234557254335835722b534553346755533550454c6d57542f6f5331626c2f372f42703970647645324d56744f4f766d336c693157636a37306446636e7431344877776274546e5948395a67706c614f4b6446356535576c6c61746b36386e3038394f434476616a3072764937673d3d223b656469745f64657361696e5f666c6173687c733a32373a2244657361696e20626572686173696c206469706572626172756921223b5f5f63695f766172737c613a313a7b733a31373a22656469745f64657361696e5f666c617368223b733a333a226f6c64223b7d),
('vhdmq4ugc2rlr87lus3gt8m25391chm6', '::1', 1602540958, 0x5f5f63695f6c6173745f726567656e65726174657c693a313630323534303732363b7265646972656374696f6e7c4e3b5f5f4143544956455f53455353494f4e5f444154417c733a3238303a22313861636436386336316637623532386232643833303137363462633235393130633231326636373166303563623766666666396339313161323638323735613462336266303963303638323533633564306262376131643634323231643264343635303437336662623963303065383430383439656230376435396230633243747467306974357a33413453476450306a61744e525877746e7176706d70516d56496870516a685234557254335835722b534553346755533550454c6d57542f6f5331626c2f372f42703970647645324d56744f4f766d336c693157636a37306446636e7431344877776274546e5948395a67706c614f4b6446356535576c6c61746b36386e3038394f434476616a3072764937673d3d223b656469745f64657361696e5f666c6173687c733a32373a2244657361696e20626572686173696c206469706572626172756921223b5f5f63695f766172737c613a313a7b733a31373a22656469745f64657361696e5f666c617368223b733a333a226f6c64223b7d),
('85gn84d237cmua7mapknksf30aov5omb', '::1', 1602548608, 0x5f5f63695f6c6173745f726567656e65726174657c693a313630323534383630383b5f5f4143544956455f53455353494f4e5f444154417c733a3238303a2232643839663433623437393462376336656162653435623065623962393863346331366432306131386433663666643835303233636134613630643961383233636630636365633861343566323534316563343836646661646137636533636237333430616330306337366363663161393661636430373535363033666531374538583072526e45367049546d4c69747771687a46784c5664664a7a7a524f72687344742f3563614e7a446f5069626c2b3169756b493252594549732f536670306265554642373768316f2f714b6174375843414865386545323663307568505a433744626a787a7662317744386a4b5a3436616f63704674585554594c52346e70553564574d4d634b7a385347564a4d7a74512b673d3d223b),
('1h928898lkbtvmoclcsinrfh7avaqjtp', '::1', 1602548912, 0x5f5f63695f6c6173745f726567656e65726174657c693a313630323534383931323b5f5f4143544956455f53455353494f4e5f444154417c733a3238303a2232643839663433623437393462376336656162653435623065623962393863346331366432306131386433663666643835303233636134613630643961383233636630636365633861343566323534316563343836646661646137636533636237333430616330306337366363663161393661636430373535363033666531374538583072526e45367049546d4c69747771687a46784c5664664a7a7a524f72687344742f3563614e7a446f5069626c2b3169756b493252594549732f536670306265554642373768316f2f714b6174375843414865386545323663307568505a433744626a787a7662317744386a4b5a3436616f63704674585554594c52346e70553564574d4d634b7a385347564a4d7a74512b673d3d223b),
('t2avvvjqheknftdk1cqofjus3f292ie3', '::1', 1602548984, 0x5f5f63695f6c6173745f726567656e65726174657c693a313630323534383931323b5f5f4143544956455f53455353494f4e5f444154417c733a3238303a2232643839663433623437393462376336656162653435623065623962393863346331366432306131386433663666643835303233636134613630643961383233636630636365633861343566323534316563343836646661646137636533636237333430616330306337366363663161393661636430373535363033666531374538583072526e45367049546d4c69747771687a46784c5664664a7a7a524f72687344742f3563614e7a446f5069626c2b3169756b493252594549732f536670306265554642373768316f2f714b6174375843414865386545323663307568505a433744626a787a7662317744386a4b5a3436616f63704674585554594c52346e70553564574d4d634b7a385347564a4d7a74512b673d3d223b);
INSERT INTO `ci_sessions` (`id`, `ip_address`, `timestamp`, `data`) VALUES
('gkmv9goqnhbapmdbdn5nnl6uroifd3ld', '::1', 1602567470, 0x5f5f63695f6c6173745f726567656e65726174657c693a313630323536373233383b7265646972656374696f6e7c4e3b5f5f4143544956455f53455353494f4e5f444154417c733a3330303a22666630336633333439613730353433623965633332333535336431613939343364356333396139373331306333343364643636346630356233313266626539383065626532393239623135353666376363616430643330393235323835613735383765643665383039336537663034663861373036383536316236383034613036313362454e3950735075514b30643537592b7352554368495557773159653150715435374c52614530453442332f4d5458337a75354854717559455766516f696e34594e7337796c5179345472437068616f414a4f2b563665353670414c537751495538444e36556e47634653332b6f5361625844766c62516c706448466d584f7457715979662f6b4936707670314d5a676d4c7651554969356c30516a4c73463238542b486c6b386f3d223b),
('4ems1tthhmfq5mp08ncticn8m6f3dv2f', '::1', 1602732938, 0x5f5f63695f6c6173745f726567656e65726174657c693a313630323733323933383b);

-- --------------------------------------------------------

--
-- Table structure for table `contacts`
--

CREATE TABLE `contacts` (
  `id` int(10) NOT NULL,
  `parent_id` int(10) DEFAULT NULL,
  `name` varchar(32) NOT NULL,
  `subject` varchar(128) DEFAULT NULL,
  `email` varchar(64) NOT NULL,
  `message` mediumtext NOT NULL,
  `contact_date` datetime DEFAULT NULL,
  `status` tinyint(1) DEFAULT 1,
  `reply_at` datetime DEFAULT NULL
) ENGINE=InnoDB DEFAULT CHARSET=utf8mb4;

--
-- Dumping data for table `contacts`
--

INSERT INTO `contacts` (`id`, `parent_id`, `name`, `subject`, `email`, `message`, `contact_date`, `status`, `reply_at`) VALUES
(1, NULL, 'Agung Tri Saputra', NULL, 'martinms.za@gmail.com', '', '2020-03-29 07:40:13', 2, NULL);

-- --------------------------------------------------------

--
-- Table structure for table `coupons`
--

CREATE TABLE `coupons` (
  `id` bigint(20) NOT NULL,
  `name` varchar(191) NOT NULL,
  `code` varchar(32) NOT NULL,
  `credit` decimal(8,2) NOT NULL,
  `start_date` date NOT NULL,
  `expired_date` date NOT NULL,
  `is_active` tinyint(4) DEFAULT 1
) ENGINE=InnoDB DEFAULT CHARSET=utf8mb4;

--
-- Dumping data for table `coupons`
--

INSERT INTO `coupons` (`id`, `name`, `code`, `credit`, `start_date`, `expired_date`, `is_active`) VALUES
(1, '#DiRumahAja', 'DIRUMAHAJA19', '5000.00', '2020-03-27', '2020-04-03', 1),
(2, 'Buah Merah Meriah', 'BUAHMERAH', '5000.00', '2020-03-27', '2020-03-30', 0);

-- --------------------------------------------------------

--
-- Table structure for table `customers`
--

CREATE TABLE `customers` (
  `id` bigint(20) NOT NULL,
  `user_id` bigint(20) UNSIGNED DEFAULT NULL,
  `name` varchar(191) NOT NULL,
  `phone_number` varchar(32) DEFAULT NULL,
  `address` varchar(191) NOT NULL,
  `profile_picture` varchar(191) DEFAULT NULL
) ENGINE=InnoDB DEFAULT CHARSET=utf8mb4;

--
-- Dumping data for table `customers`
--

INSERT INTO `customers` (`id`, `user_id`, `name`, `phone_number`, `address`, `profile_picture`) VALUES
(6, 7, 'Agung Tri Saputra', '081328907767', 'Kost Indah Jaya Belakang No. 19, Jl. Medan Baru VI, Kandang Limun, Bengkulu', 'agung.png'),
(18, 19, 'faruq haidar ghozi', '098656572322', 'Jalan Sri Indra ', NULL),
(19, 20, 'Qonita Mila Hanifa', '098656572321', 'Jalan T. Kasim Perkasa', NULL),
(20, 21, 'Putri Ayuni', '085265572650', 'Jalan Pinang', NULL),
(21, 22, 'Kurnia Zubaida', '098656572324', 'Jalan Gajah Bungkuk', NULL),
(22, 23, 'Devi Lestari', '098765432435', 'Jalan Sri Indra', NULL),
(23, 24, 'Novianti', '081317073434', 'Jalan Rowosari', NULL);

-- --------------------------------------------------------

--
-- Table structure for table `desain`
--

CREATE TABLE `desain` (
  `id` bigint(20) NOT NULL,
  `category_id` int(10) NOT NULL,
  `name` varchar(191) NOT NULL,
  `description` varchar(1000) NOT NULL,
  `picture_name` varchar(191) DEFAULT NULL,
  `price` int(10) NOT NULL,
  `jenis_desain` varchar(191) NOT NULL,
  `add_date` datetime NOT NULL
) ENGINE=InnoDB DEFAULT CHARSET=utf8mb4;

--
-- Dumping data for table `desain`
--

INSERT INTO `desain` (`id`, `category_id`, `name`, `description`, `picture_name`, `price`, `jenis_desain`, `add_date`) VALUES
(14, 22, 'Desain Rumah Minimalis Modern 2 Kamar', '- Luas bangunan 70 m2\r\n- Luas tanah 170 m2\r\n- 2 Kamar tidur\r\n- 2 Kamar mandi\r\n- 1 Kamar tidur pembantu\r\n- 1 Kamar mandi pembantu\r\n- Ruang tamu/keluarga\r\n- Ruang makan\r\n- Dapur\r\n- Halaman belakang\r\nTaman\r\n- Carport untuk 1 mobil\r\nHarga mulai dari Rp. Rp. 87.000.000.000', 'judul1.PNG', 87000000, '2', '2020-10-09 05:31:02'),
(16, 21, 'Desain Rumah Minimalis Modern 2 Kamar', 'Luas bangunan 48 m2\r\nLuas tanah 180 m2\r\n2 Kamar tidur\r\n1 Kamar mandi\r\nRuang tamu/keluarga\r\nRuang makan\r\nDapur\r\nHalaman Belakang\r\nTaman\r\nCarport untuk 1 mobil\r\nHarga mulai dari Rp. 75000000', 'Denah_Rumah_Minimalis_2_Kamar.PNG', 75000000, '2', '2020-10-09 06:48:58'),
(17, 21, 'Sketsa Rumah Sederhana', 'Sketsa Rumah Sederhana', 'Denah_Rumah_Minimalis_2_Kamar1.PNG', 87386000, '2', '2020-10-09 06:50:24'),
(18, 21, 'Rumah MInimalis dengan ruang jemur', '', 'desain-rumah-minimalis-dengan-ruang-jemur.jpg', 87386000, '2', '2020-10-09 06:51:25'),
(19, 21, 'Rumah MInimalis dengan Musholla', '', 'Desain-rumah-minimalis-dengan-musholla.jpg', 437322000, '2', '2020-10-09 06:52:30'),
(20, 21, 'Rumah Minimalis Terbaru', 'Rumah Minimalis Sederhana', 'insinyurbangunan-dot-com.jpg', 430000000, '2', '2020-10-09 06:54:00'),
(21, 22, 'Rumah Klasik Sederhana', 'Rumah Klasis Sederhana', 'Desain_rumah_klasik_sederhana_1.jpg', 437322000, '2', '2020-10-09 06:55:11'),
(22, 21, 'Rumah Tipe 60 Minimalis', 'Rumah TIpe 60 Minimalis', 'Rumah-tipe-60-minimalis.jpg', 87386000, '2', '2020-10-09 06:56:02'),
(23, 22, 'Rumah Klasik', 'Rumah Klasik', 'image31.jpg', 430000000, '2', '2020-10-09 06:57:02'),
(24, 24, 'Rumah Modern', 'Luas bangunan 63 m2\r\nLuas tanah 150 m2\r\n2 Kamar tidur\r\n1 Kamar mandi\r\n1 Kamar tidur pembantu\r\n1 Kamar mandi pembantu\r\nRuang tamu/keluarga\r\nRuang makan\r\nDapur\r\nHalaman belakang\r\nTaman\r\nCarport untuk 1 mobil\r\nHarga mulai dari Rp. 360000000', 'image20.jpg', 360000000, '2', '2020-10-09 06:58:31'),
(25, 24, 'Rumah Modern 2', '', 'image23.jpg', 394000000, '2', '2020-10-09 06:59:22');

-- --------------------------------------------------------

--
-- Table structure for table `gambar`
--

CREATE TABLE `gambar` (
  `id` bigint(10) NOT NULL,
  `desain_id` int(10) DEFAULT NULL,
  `picture_name` varchar(191) DEFAULT NULL,
  `judul` varchar(255) NOT NULL,
  `add_date` datetime NOT NULL
) ENGINE=InnoDB DEFAULT CHARSET=utf8mb4;

--
-- Dumping data for table `gambar`
--

INSERT INTO `gambar` (`id`, `desain_id`, `picture_name`, `judul`, `add_date`) VALUES
(14, 10, '21.PNG', 'Desain Rumah Minimalis Modern 2 Kamar', '2020-10-05 01:41:06'),
(15, 10, 'Denah_Rumah_Minimalis_2_Kamar.PNG', 'Desain Rumah Minimalis Modern 2 Kamar', '2020-10-05 01:41:37'),
(16, 9, 'Sketsa_Rumah_Sederhana.PNG', 'Data desain', '2020-10-05 01:51:16'),
(17, 14, '11.PNG', 'Desain Rumah Minimalis Modern 2 Kamar', '2020-10-09 05:31:47'),
(18, 14, '22.PNG', 'Desain Rumah Minimalis Modern 2 Kamar', '2020-10-09 05:31:55'),
(19, 14, '31.PNG', 'Desain Rumah Minimalis Modern 2 Kamar', '2020-10-09 05:32:03'),
(20, 14, '41.PNG', 'Desain Rumah Minimalis Modern 2 Kamar', '2020-10-09 05:32:13'),
(21, 14, '51.PNG', 'Desain Rumah Minimalis Modern 2 Kamar', '2020-10-09 05:32:21'),
(22, 23, 'image31_-2.jpg', 'Rumah Klasik 1', '2020-10-09 07:09:17'),
(23, 23, 'image31_-_4.jpg', 'Rumah Klasik 2', '2020-10-09 07:09:30'),
(24, 23, 'image31_-_3.jpg', 'Rumah Klasik 3', '2020-10-09 07:09:39'),
(25, 21, 'Desain_rumah_klasik_sederhana_1.jpg', 'Rumah Klasis Sederhana', '2020-10-09 07:10:44');

-- --------------------------------------------------------

--
-- Table structure for table `jenis_desain`
--

CREATE TABLE `jenis_desain` (
  `id` bigint(10) NOT NULL,
  `name` varchar(191) NOT NULL
) ENGINE=InnoDB DEFAULT CHARSET=utf8mb4;

--
-- Dumping data for table `jenis_desain`
--

INSERT INTO `jenis_desain` (`id`, `name`) VALUES
(1, 'Interior'),
(2, 'Exterior');

-- --------------------------------------------------------

--
-- Table structure for table `orders`
--

CREATE TABLE `orders` (
  `id` bigint(20) NOT NULL,
  `user_id` bigint(20) UNSIGNED DEFAULT NULL,
  `coupon_id` bigint(20) DEFAULT NULL,
  `order_number` varchar(16) NOT NULL,
  `order_status` enum('1','2','3','4','5') DEFAULT '1',
  `order_date` datetime NOT NULL,
  `total_price` decimal(8,2) DEFAULT NULL,
  `total_items` int(10) DEFAULT NULL,
  `payment_method` int(11) DEFAULT 1,
  `delivery_data` text DEFAULT NULL,
  `delivered_date` datetime DEFAULT NULL,
  `finish_date` datetime DEFAULT NULL
) ENGINE=InnoDB DEFAULT CHARSET=utf8mb4;

--
-- Dumping data for table `orders`
--

INSERT INTO `orders` (`id`, `user_id`, `coupon_id`, `order_number`, `order_status`, `order_date`, `total_price`, `total_items`, `payment_method`, `delivery_data`, `delivered_date`, `finish_date`) VALUES
(5, 7, NULL, 'TJL2932027019', '2', '2020-03-29 08:14:50', '271000.00', 2, 1, '{\"customer\":{\"name\":\"Agung Tri Saputra\",\"phone_number\":\"081328907767\",\"address\":\"Kost Indah Jaya Belakang No. 19, Jl. Medan Baru VI, Kandang Limun, Bengkulu\"},\"note\":\"\"}', NULL, NULL),
(6, 7, NULL, 'JQZ2932017914', '1', '2020-03-29 08:15:13', '350000.00', 1, 2, '{\"customer\":{\"name\":\"Agung Tri Saputra\",\"phone_number\":\"081328907767\",\"address\":\"Kost Indah Jaya Belakang No. 19, Jl. Medan Baru VI, Kandang Limun, Bengkulu\"},\"note\":\"\"}', NULL, NULL),
(7, 7, NULL, 'TIB3032037078', '2', '2020-03-30 08:49:42', '78000.00', 3, 1, '{\"customer\":{\"name\":\"Agung Tri Saputra\",\"phone_number\":\"081328907767\",\"address\":\"Kost Indah Jaya Belakang No. 19, Jl. Medan Baru VI, Kandang Limun, Bengkulu\"},\"note\":\"\"}', NULL, NULL),
(8, 7, NULL, 'GPS3032027749', '2', '2020-03-30 09:14:27', '360000.00', 2, 1, '{\"customer\":{\"name\":\"Agung Tri Saputra\",\"phone_number\":\"081328907767\",\"address\":\"Kost Indah Jaya Belakang No. 19, Jl. Medan Baru VI, Kandang Limun, Bengkulu\"},\"note\":\"\"}', NULL, NULL);

-- --------------------------------------------------------

--
-- Table structure for table `order_item`
--

CREATE TABLE `order_item` (
  `id` bigint(20) NOT NULL,
  `order_id` bigint(20) DEFAULT NULL,
  `product_id` bigint(20) DEFAULT NULL,
  `order_qty` int(10) NOT NULL,
  `order_price` decimal(8,2) DEFAULT NULL
) ENGINE=InnoDB DEFAULT CHARSET=utf8mb4;

--
-- Dumping data for table `order_item`
--

INSERT INTO `order_item` (`id`, `order_id`, `product_id`, `order_qty`, `order_price`) VALUES
(3, 4, 2, 1, '31000.00'),
(4, 4, 8, 13, '20000.00'),
(5, 5, 2, 1, '31000.00'),
(6, 5, 13, 12, '20000.00'),
(7, 6, 9, 10, '35000.00'),
(8, 7, 10, 1, '12000.00'),
(9, 7, 9, 1, '35000.00'),
(10, 7, 2, 1, '31000.00'),
(11, 8, 9, 1, '35000.00'),
(12, 8, 1, 5, '65000.00');

-- --------------------------------------------------------

--
-- Table structure for table `payments`
--

CREATE TABLE `payments` (
  `id` bigint(20) NOT NULL,
  `order_id` bigint(20) DEFAULT NULL,
  `payment_price` decimal(8,2) DEFAULT NULL,
  `payment_date` datetime NOT NULL,
  `picture_name` varchar(191) DEFAULT NULL,
  `payment_status` enum('1','2','3') DEFAULT '1',
  `confirmed_date` datetime DEFAULT NULL,
  `payment_data` text DEFAULT NULL
) ENGINE=InnoDB DEFAULT CHARSET=utf8mb4;

--
-- Dumping data for table `payments`
--

INSERT INTO `payments` (`id`, `order_id`, `payment_price`, `payment_date`, `picture_name`, `payment_status`, `confirmed_date`, `payment_data`) VALUES
(4, 5, '271000.00', '2020-03-29 08:20:39', 'category-1.jpg', '3', NULL, '{\"transfer_to\":\"bri\",\"source\":{\"bank\":\"Bank BRI\",\"name\":\"Agung Tri Saputra\",\"number\":\"12-345-678-9\"}}'),
(5, 7, '78000.00', '2020-03-30 08:51:08', 'html5.jpg', '2', NULL, '{\"transfer_to\":\"btn\",\"source\":{\"bank\":\"BANK BCA\",\"name\":\"MMS\",\"number\":\"123-456\"}}');

-- --------------------------------------------------------

--
-- Table structure for table `pembayaran`
--

CREATE TABLE `pembayaran` (
  `id` bigint(20) NOT NULL,
  `proyek_id` bigint(20) NOT NULL,
  `user_id` bigint(20) NOT NULL,
  `picture_name` varchar(191) NOT NULL,
  `judul` varchar(191) NOT NULL,
  `status` varchar(191) NOT NULL,
  `add_date` datetime NOT NULL
) ENGINE=InnoDB DEFAULT CHARSET=utf8mb4;

--
-- Dumping data for table `pembayaran`
--

INSERT INTO `pembayaran` (`id`, `proyek_id`, `user_id`, `picture_name`, `judul`, `status`, `add_date`) VALUES
(9, 16, 10, 'Invoice-Penagihan.png', 'Desain Rumah Minimalis Modern 2 Kamar', 'Dikonfirmasi', '2020-10-05 02:08:06'),
(10, 17, 18, 'Invoice-Penagihan1.png', 'Desain Rumah Minimalis Modern 2 Kamar', 'Dikonfirmasi', '2020-10-07 02:20:02'),
(11, 18, 7, 'Invoice-Penagihan2.png', 'Pembayaran 1', 'Dikonfirmasi', '2020-10-09 07:12:15'),
(12, 19, 23, 'Invoice-Penagihan3.png', 'Pembayaran 1', 'Dikonfirmasi', '2020-10-09 07:13:07');

-- --------------------------------------------------------

--
-- Table structure for table `products`
--

CREATE TABLE `products` (
  `id` bigint(20) NOT NULL,
  `category_id` int(10) DEFAULT NULL,
  `sku` varchar(32) DEFAULT NULL,
  `name` varchar(191) NOT NULL,
  `description` varchar(191) DEFAULT NULL,
  `picture_name` varchar(191) DEFAULT NULL,
  `price` decimal(8,2) NOT NULL,
  `current_discount` decimal(8,2) DEFAULT 0.00,
  `stock` int(10) NOT NULL,
  `product_unit` varchar(32) DEFAULT NULL,
  `is_available` tinyint(1) DEFAULT 1,
  `add_date` datetime DEFAULT NULL
) ENGINE=InnoDB DEFAULT CHARSET=utf8mb4;

--
-- Dumping data for table `products`
--

INSERT INTO `products` (`id`, `category_id`, `sku`, `name`, `description`, `picture_name`, `price`, `current_discount`, `stock`, `product_unit`, `is_available`, `add_date`) VALUES
(17, 16, 'EA21023', 'estsegtsg', NULL, '249f4a10803ef29fdd8607b84dc1dd9e-bf25dc0c-4af7-4ac7-8cea-6ea9383d1c77_(1).jpg', '20000.00', '0.00', 1, 'buah', 1, '2020-08-08 17:03:43');

-- --------------------------------------------------------

--
-- Table structure for table `product_category`
--

CREATE TABLE `product_category` (
  `id` int(10) NOT NULL,
  `name` varchar(191) NOT NULL
) ENGINE=InnoDB DEFAULT CHARSET=utf8mb4;

--
-- Dumping data for table `product_category`
--

INSERT INTO `product_category` (`id`, `name`) VALUES
(21, 'Minimalis'),
(22, 'Klasik'),
(24, 'Modern');

-- --------------------------------------------------------

--
-- Table structure for table `proyek`
--

CREATE TABLE `proyek` (
  `id` bigint(20) NOT NULL,
  `nomor_proyek` varchar(16) NOT NULL,
  `user_id` bigint(20) NOT NULL,
  `desain_id` bigint(20) NOT NULL,
  `rab_id` bigint(20) NOT NULL,
  `order_status` varchar(20) NOT NULL,
  `order_date` datetime NOT NULL,
  `payment_method` int(11) NOT NULL
) ENGINE=InnoDB DEFAULT CHARSET=utf8mb4;

--
-- Dumping data for table `proyek`
--

INSERT INTO `proyek` (`id`, `nomor_proyek`, `user_id`, `desain_id`, `rab_id`, `order_status`, `order_date`, `payment_method`) VALUES
(18, 'MZJ910207145712', 7, 14, 5, 'Dalam Proses bayar', '2020-10-09 07:10:57', 2),
(19, 'FEL9102023166341', 23, 16, 6, 'Dalam Proses bayar', '2020-10-09 07:11:06', 2),
(20, 'YRX9102019237634', 19, 23, 7, 'Dalam Proses bayar', '2020-10-09 07:11:16', 2),
(21, 'SFD9102022218531', 22, 21, 8, 'Dalam Proses bayar', '2020-10-09 07:11:26', 2),
(22, 'SOT9102021207307', 21, 20, 7, 'Dalam Proses bayar', '2020-10-09 07:11:37', 2),
(23, 'OXQ910207235257', 7, 23, 5, 'Dalam Proses bayar', '2020-10-09 10:13:27', 2);

-- --------------------------------------------------------

--
-- Table structure for table `rab`
--

CREATE TABLE `rab` (
  `id` int(10) NOT NULL,
  `desain_id` int(10) NOT NULL,
  `name` varchar(191) NOT NULL,
  `file_rab` varchar(191) NOT NULL,
  `add_date` datetime NOT NULL
) ENGINE=InnoDB DEFAULT CHARSET=utf8mb4;

--
-- Dumping data for table `rab`
--

INSERT INTO `rab` (`id`, `desain_id`, `name`, `file_rab`, `add_date`) VALUES
(5, 14, 'Desain Rumah Minimalis Modern 2 Kamar', 'Denah_2_Kamar.pdf', '2020-10-09 07:01:03'),
(6, 16, 'Desain Rumah Minimalis Modern 2 Kamar', 'Denah_2_Kamar1.pdf', '2020-10-09 07:08:30'),
(7, 23, 'Rumah Klasik', 'Rumah_Klasik.pdf', '2020-10-09 07:09:02'),
(8, 21, 'Rumah Klasis Sederhana', 'Rumah_Klasis_Sederhana.pdf', '2020-10-09 07:10:19');

-- --------------------------------------------------------

--
-- Table structure for table `reviews`
--

CREATE TABLE `reviews` (
  `id` bigint(20) NOT NULL,
  `user_id` bigint(20) UNSIGNED DEFAULT NULL,
  `order_id` bigint(20) DEFAULT NULL,
  `title` varchar(191) DEFAULT NULL,
  `review_text` mediumtext NOT NULL,
  `review_date` datetime NOT NULL,
  `status` tinyint(1) NOT NULL DEFAULT 1
) ENGINE=InnoDB DEFAULT CHARSET=utf8mb4;

--
-- Dumping data for table `reviews`
--

INSERT INTO `reviews` (`id`, `user_id`, `order_id`, `title`, `review_text`, `review_date`, `status`) VALUES
(2, 7, 6, 'Sangat puas', 'Pengiriman cepat dan sayur segar', '2020-03-30 08:31:31', 1),
(3, 7, 5, 'Buah segar', 'Buah segar dan kualitasnya sangat bagus', '2020-03-30 08:33:10', 1);

-- --------------------------------------------------------

--
-- Table structure for table `roles`
--

CREATE TABLE `roles` (
  `id` int(10) NOT NULL,
  `role_name` varchar(191) NOT NULL
) ENGINE=InnoDB DEFAULT CHARSET=utf8mb4;

--
-- Dumping data for table `roles`
--

INSERT INTO `roles` (`id`, `role_name`) VALUES
(1, 'Admin'),
(2, 'Customer');

-- --------------------------------------------------------

--
-- Table structure for table `settings`
--

CREATE TABLE `settings` (
  `id` int(10) NOT NULL,
  `key` varchar(32) NOT NULL,
  `content` varchar(191) NOT NULL
) ENGINE=InnoDB DEFAULT CHARSET=utf8mb4;

--
-- Dumping data for table `settings`
--

INSERT INTO `settings` (`id`, `key`, `content`) VALUES
(1, 'current_theme_name', 'vegefoods'),
(2, 'store_name', 'Titipan Ilahi'),
(3, 'store_phone_number', '085265572650'),
(4, 'store_email', 'titipanilahi@gmail.com'),
(5, 'store_tagline', 'Pilih desain sesuai selera anda, tentukan pilihan rumah impian anda'),
(6, 'store_logo', 'Logo.png'),
(7, 'max_product_image_size', '20000'),
(8, 'store_description', 'Rancang rumah dan miliki dengan murah, mudah dan cepat'),
(9, 'store_address', 'Jl. T. Kasim Perkasa, RT 12 RW 06 Kel. Rumbai Bukit'),
(10, 'min_shop_to_free_shipping_cost', '200000'),
(11, 'shipping_cost', '3000'),
(12, 'payment_banks', '{\"bri\":{\"bank\":\"BRI\",\"name\":\"Martin Mulyo Syahidin\",\"number\":\"9999-999-99-9\"},\"btn\":{\"bank\":\"BNI\",\"name\":\"Martin Mulyo Syahidin\",\"number\":\"4444-444-44-4\"},\"bni\":{\"bank\":\"BTN\",\"name\":\"Martin M');

-- --------------------------------------------------------

--
-- Table structure for table `users`
--

CREATE TABLE `users` (
  `id` bigint(20) UNSIGNED NOT NULL,
  `name` varchar(50) COLLATE utf8mb4_unicode_ci DEFAULT NULL,
  `email` varchar(191) COLLATE utf8mb4_unicode_ci NOT NULL,
  `email_verified_at` timestamp NULL DEFAULT NULL,
  `username` varchar(16) COLLATE utf8mb4_unicode_ci NOT NULL,
  `password` varchar(191) COLLATE utf8mb4_unicode_ci NOT NULL,
  `profile_picture` varchar(128) COLLATE utf8mb4_unicode_ci DEFAULT NULL,
  `role_id` int(10) DEFAULT 0,
  `register_date` datetime DEFAULT NULL
) ENGINE=InnoDB DEFAULT CHARSET=utf8mb4 COLLATE=utf8mb4_unicode_ci;

--
-- Dumping data for table `users`
--

INSERT INTO `users` (`id`, `name`, `email`, `email_verified_at`, `username`, `password`, `profile_picture`, `role_id`, `register_date`) VALUES
(1, 'Syofian', 'syofian@gmail.com', NULL, 'syofian', '$2y$10$Scdg.olbJQzBCva7ZhorHO3hd3DZVdhrwJL7ogoyEb4ZlQyKh3Hii', 'agung1.png', 1, NULL),
(7, 'Agung', 'agungtri@gmail.com', NULL, 'agungtria', '$2y$10$tin9aX4Uz.wlBhZYuD4Fju9q1.O07BwUKxp6yvveTeIrrsa46fqDC', NULL, 2, '2020-03-29 08:14:30'),
(19, NULL, 'ghozi@gmail.com', NULL, 'faruq', '$2y$10$VIYrZY2InMcE3.0Xo0louOcA7ecNyStcC2KLIv/6voU0L4TTolhYG', NULL, 2, '2020-10-08 23:25:41'),
(20, NULL, 'qonita@gmail.com', NULL, 'qonita', '$2y$10$TSzDXQajBHEPdHu63fwnfe5md255UnVkQAszwro2YpvPfo6QUKHzq', NULL, 2, '2020-10-08 23:27:45'),
(21, NULL, 'putri@gmail.com', NULL, 'putri', '$2y$10$Tg5SYgV39oEozUYrer93duhZNzzmVZvA9hdEpNTCuVxzGFJaSWPv.', NULL, 2, '2020-10-08 23:29:25'),
(22, NULL, 'nia@gmail.com', NULL, 'kurnia', '$2y$10$9TjNm6ObTs3EaWLsus53kOvqhE5fBYUP8V5Ao0S9dtwpAFFEco6e.', NULL, 2, '2020-10-08 23:30:42'),
(23, NULL, 'devi@gmail.com', NULL, 'devii', '$2y$10$uvtXmxDtAh5exEM6nQdB9ORMnDHZB4gcoLEpubx71AflzwoZh01Dm', NULL, 2, '2020-10-08 23:32:04'),
(24, NULL, 'novi@gmail.com', NULL, 'novi', '$2y$10$grDNXJFW6VXZdkwrrYuUPuoFMiQXCp5OTWTI7ni5Q0gHtn7u4vrgG', NULL, 2, '2020-10-09 09:31:32');

--
-- Indexes for dumped tables
--

--
-- Indexes for table `ci_sessions`
--
ALTER TABLE `ci_sessions`
  ADD KEY `ci_sessions_timestamp` (`timestamp`);

--
-- Indexes for table `contacts`
--
ALTER TABLE `contacts`
  ADD PRIMARY KEY (`id`),
  ADD KEY `FK_contacts_contacts` (`parent_id`);

--
-- Indexes for table `coupons`
--
ALTER TABLE `coupons`
  ADD PRIMARY KEY (`id`);

--
-- Indexes for table `customers`
--
ALTER TABLE `customers`
  ADD PRIMARY KEY (`id`),
  ADD KEY `FK_customers_users` (`user_id`);

--
-- Indexes for table `desain`
--
ALTER TABLE `desain`
  ADD PRIMARY KEY (`id`);

--
-- Indexes for table `gambar`
--
ALTER TABLE `gambar`
  ADD PRIMARY KEY (`id`);

--
-- Indexes for table `jenis_desain`
--
ALTER TABLE `jenis_desain`
  ADD PRIMARY KEY (`id`);

--
-- Indexes for table `orders`
--
ALTER TABLE `orders`
  ADD PRIMARY KEY (`id`),
  ADD KEY `FK_orders_users` (`user_id`),
  ADD KEY `FK_orders_coupons` (`coupon_id`);

--
-- Indexes for table `order_item`
--
ALTER TABLE `order_item`
  ADD PRIMARY KEY (`id`),
  ADD KEY `order_id` (`order_id`),
  ADD KEY `product_id` (`product_id`);

--
-- Indexes for table `payments`
--
ALTER TABLE `payments`
  ADD PRIMARY KEY (`id`),
  ADD KEY `order_id` (`order_id`);

--
-- Indexes for table `pembayaran`
--
ALTER TABLE `pembayaran`
  ADD PRIMARY KEY (`id`);

--
-- Indexes for table `products`
--
ALTER TABLE `products`
  ADD PRIMARY KEY (`id`),
  ADD KEY `FK_products_product_category` (`category_id`);

--
-- Indexes for table `product_category`
--
ALTER TABLE `product_category`
  ADD PRIMARY KEY (`id`);

--
-- Indexes for table `proyek`
--
ALTER TABLE `proyek`
  ADD PRIMARY KEY (`id`);

--
-- Indexes for table `rab`
--
ALTER TABLE `rab`
  ADD PRIMARY KEY (`id`);

--
-- Indexes for table `reviews`
--
ALTER TABLE `reviews`
  ADD PRIMARY KEY (`id`),
  ADD KEY `FK_reviews_users` (`user_id`),
  ADD KEY `FK_reviews_orders` (`order_id`);

--
-- Indexes for table `roles`
--
ALTER TABLE `roles`
  ADD PRIMARY KEY (`id`);

--
-- Indexes for table `settings`
--
ALTER TABLE `settings`
  ADD PRIMARY KEY (`id`) USING BTREE;

--
-- Indexes for table `users`
--
ALTER TABLE `users`
  ADD PRIMARY KEY (`id`) USING BTREE,
  ADD UNIQUE KEY `users_email_unique` (`email`) USING BTREE,
  ADD KEY `role_id` (`role_id`);

--
-- AUTO_INCREMENT for dumped tables
--

--
-- AUTO_INCREMENT for table `contacts`
--
ALTER TABLE `contacts`
  MODIFY `id` int(10) NOT NULL AUTO_INCREMENT, AUTO_INCREMENT=3;

--
-- AUTO_INCREMENT for table `coupons`
--
ALTER TABLE `coupons`
  MODIFY `id` bigint(20) NOT NULL AUTO_INCREMENT, AUTO_INCREMENT=4;

--
-- AUTO_INCREMENT for table `customers`
--
ALTER TABLE `customers`
  MODIFY `id` bigint(20) NOT NULL AUTO_INCREMENT, AUTO_INCREMENT=24;

--
-- AUTO_INCREMENT for table `desain`
--
ALTER TABLE `desain`
  MODIFY `id` bigint(20) NOT NULL AUTO_INCREMENT, AUTO_INCREMENT=26;

--
-- AUTO_INCREMENT for table `gambar`
--
ALTER TABLE `gambar`
  MODIFY `id` bigint(10) NOT NULL AUTO_INCREMENT, AUTO_INCREMENT=26;

--
-- AUTO_INCREMENT for table `orders`
--
ALTER TABLE `orders`
  MODIFY `id` bigint(20) NOT NULL AUTO_INCREMENT, AUTO_INCREMENT=9;

--
-- AUTO_INCREMENT for table `order_item`
--
ALTER TABLE `order_item`
  MODIFY `id` bigint(20) NOT NULL AUTO_INCREMENT, AUTO_INCREMENT=13;

--
-- AUTO_INCREMENT for table `payments`
--
ALTER TABLE `payments`
  MODIFY `id` bigint(20) NOT NULL AUTO_INCREMENT, AUTO_INCREMENT=6;

--
-- AUTO_INCREMENT for table `pembayaran`
--
ALTER TABLE `pembayaran`
  MODIFY `id` bigint(20) NOT NULL AUTO_INCREMENT, AUTO_INCREMENT=13;

--
-- AUTO_INCREMENT for table `products`
--
ALTER TABLE `products`
  MODIFY `id` bigint(20) NOT NULL AUTO_INCREMENT, AUTO_INCREMENT=18;

--
-- AUTO_INCREMENT for table `product_category`
--
ALTER TABLE `product_category`
  MODIFY `id` int(10) NOT NULL AUTO_INCREMENT, AUTO_INCREMENT=25;

--
-- AUTO_INCREMENT for table `proyek`
--
ALTER TABLE `proyek`
  MODIFY `id` bigint(20) NOT NULL AUTO_INCREMENT, AUTO_INCREMENT=24;

--
-- AUTO_INCREMENT for table `rab`
--
ALTER TABLE `rab`
  MODIFY `id` int(10) NOT NULL AUTO_INCREMENT, AUTO_INCREMENT=9;

--
-- AUTO_INCREMENT for table `reviews`
--
ALTER TABLE `reviews`
  MODIFY `id` bigint(20) NOT NULL AUTO_INCREMENT, AUTO_INCREMENT=4;

--
-- AUTO_INCREMENT for table `roles`
--
ALTER TABLE `roles`
  MODIFY `id` int(10) NOT NULL AUTO_INCREMENT, AUTO_INCREMENT=3;

--
-- AUTO_INCREMENT for table `settings`
--
ALTER TABLE `settings`
  MODIFY `id` int(10) NOT NULL AUTO_INCREMENT, AUTO_INCREMENT=13;

--
-- AUTO_INCREMENT for table `users`
--
ALTER TABLE `users`
  MODIFY `id` bigint(20) UNSIGNED NOT NULL AUTO_INCREMENT, AUTO_INCREMENT=25;

--
-- Constraints for dumped tables
--

--
-- Constraints for table `contacts`
--
ALTER TABLE `contacts`
  ADD CONSTRAINT `FK_contacts_contacts` FOREIGN KEY (`parent_id`) REFERENCES `contacts` (`id`) ON DELETE CASCADE ON UPDATE NO ACTION;

--
-- Constraints for table `customers`
--
ALTER TABLE `customers`
  ADD CONSTRAINT `FK_customers_users` FOREIGN KEY (`user_id`) REFERENCES `users` (`id`) ON DELETE NO ACTION ON UPDATE CASCADE;

--
-- Constraints for table `orders`
--
ALTER TABLE `orders`
  ADD CONSTRAINT `FK_orders_coupons` FOREIGN KEY (`coupon_id`) REFERENCES `coupons` (`id`) ON DELETE SET NULL ON UPDATE CASCADE,
  ADD CONSTRAINT `FK_orders_users` FOREIGN KEY (`user_id`) REFERENCES `users` (`id`) ON DELETE NO ACTION ON UPDATE CASCADE;

--
-- Constraints for table `payments`
--
ALTER TABLE `payments`
  ADD CONSTRAINT `FK_payments_orders` FOREIGN KEY (`order_id`) REFERENCES `orders` (`id`) ON DELETE NO ACTION ON UPDATE NO ACTION;
COMMIT;

/*!40101 SET CHARACTER_SET_CLIENT=@OLD_CHARACTER_SET_CLIENT */;
/*!40101 SET CHARACTER_SET_RESULTS=@OLD_CHARACTER_SET_RESULTS */;
/*!40101 SET COLLATION_CONNECTION=@OLD_COLLATION_CONNECTION */;
